url,date
https://www.youtube.com/embed/QnmJEHjPuIU,2022-03-23 13:19:47
http://youtu.be/BQQ5ipH6UtM,2022-03-21 12:50:49
https://youtu.be/a3V1-8-OjEY,2022-03-24 01:49:37
https://youtu.be/oRDjFSB1Jvk?t=580,2022-03-26 15:51:27
https://www.youtube.com/watch?v=1PFswlbWbfc,2022-03-20 08:21:02
https://youtu.be/yffZR7psSdU,2022-03-26 07:52:04
http://www.youtube.com/watch?v=s_Qe6LAl0_E,2022-03-21 16:23:03
https://m.youtube.com/watch?v=ZoGH7d51bvc,2022-03-21 17:39:24
https://m.youtube.com/watch?v=YhnsuxN_SEE,2022-03-23 11:03:42
https://youtu.be/ewuWGW0xXIQ,2022-03-25 21:57:24
https://youtu.be/ofhMlirHfIA,2022-03-25 11:35:00
https://youtu.be/jf6UBcPKlMM,2022-03-24 08:30:22
https://www.youtube.com/watch?v=6x12V3-vDjY,2022-03-21 22:24:15
https://www.youtube.com/watch?v=qhU5JEd-XRo,2022-03-25 09:29:13
https://youtu.be/a3T_FuHbLCQ,2022-03-25 01:22:38
https://youtu.be/h-a2HYMnmfE,2022-03-27 15:30:17
https://youtu.be/szQZcVPzhsM,2022-03-20 14:07:17
https://youtu.be/TZz5k7WmLhA,2022-03-27 22:01:29
https://youtu.be/ss7K4h9nKrE,2022-03-27 10:24:01
https://youtu.be/qIk3P4oDQhU,2022-03-25 15:37:48
https://youtu.be/zsdMs2mOJGA,2022-03-26 12:13:07
https://www.youtube.com/watch?v=HeeFDQpvS9w,2022-03-24 16:49:30
https://youtu.be/p6kw4ywUgdE,2022-03-27 20:41:12
https://youtu.be/OwYhW5TmXTc,2022-03-23 00:09:22
https://m.youtube.com/watch?v=HfnN4ZL0E50,2022-03-24 17:28:59